{"cameraMode":{"drawMode":0,"name":"Shaded","section":"Shading Mode"},"sceneLighting":true,"audioPlay":false,"sceneViewState":{"m_AlwaysRefresh":false,"showFog":true,"showSkybox":true,"showFlares":true,"showImageEffects":true,"showParticleSystems":true,"showVisualEffectGraphs":true,"m_FxEnabled":true},"in2DMode":false,"pivot":{"x":-14.591833114624024,"y":3.9908359050750734,"z":29.185930252075197},"rotation":{"x":-0.029683247208595277,"y":0.33407261967658999,"z":-0.010527003556489945,"w":-0.9420247673988342},"size":17.507726669311525,"orthographic":false}