{"cameraMode":{"drawMode":0,"name":"Shaded","section":"Shading Mode"},"sceneLighting":true,"audioPlay":false,"sceneViewState":{"m_AlwaysRefresh":false,"showFog":true,"showSkybox":true,"showFlares":true,"showImageEffects":true,"showParticleSystems":true,"showVisualEffectGraphs":true,"m_FxEnabled":true},"in2DMode":false,"pivot":{"x":4.400000095367432,"y":5.889999866485596,"z":-0.8299999237060547},"rotation":{"x":0.17617975175380708,"y":0.6776503324508667,"z":-0.17231108248233796,"w":0.6928661465644836},"size":1.5262548923492432,"orthographic":false}